{"cameraMode":{"drawMode":0,"name":"Shaded","section":"Shading Mode"},"sceneLighting":true,"audioPlay":false,"sceneViewState":{"m_AlwaysRefresh":false,"showFog":true,"showSkybox":true,"showFlares":true,"showImageEffects":true,"showParticleSystems":true,"showVisualEffectGraphs":true,"m_FxEnabled":true},"in2DMode":false,"pivot":{"x":-0.019494041800498964,"y":-0.07181254029273987,"z":1.5243275165557862},"rotation":{"x":-0.1447966992855072,"y":0.08182591944932938,"z":-0.012015081942081452,"w":-0.9860055446624756},"size":0.6339746713638306,"orthographic":false}