{"cameraMode":{"drawMode":0,"name":"Shaded","section":"Shading Mode"},"sceneLighting":false,"audioPlay":false,"sceneViewState":{"m_AlwaysRefresh":false,"showFog":true,"showSkybox":false,"showFlares":true,"showImageEffects":true,"showParticleSystems":true,"showVisualEffectGraphs":true,"m_FxEnabled":true},"in2DMode":false,"pivot":{"x":3.198111057281494,"y":5.547099590301514,"z":20.538665771484376},"rotation":{"x":-0.11749408394098282,"y":-0.8575137257575989,"z":0.22518932819366456,"w":-0.44740498065948489},"size":2.1948282718658449,"orthographic":false}