{"cameraMode":{"drawMode":0,"name":"Shaded","section":"Shading Mode"},"sceneLighting":false,"audioPlay":false,"sceneViewState":{"m_AlwaysRefresh":false,"showFog":true,"showSkybox":false,"showFlares":true,"showImageEffects":true,"showParticleSystems":true,"showVisualEffectGraphs":true,"m_FxEnabled":true},"in2DMode":false,"pivot":{"x":6.957613468170166,"y":2.8723361492156984,"z":18.877634048461915},"rotation":{"x":-0.21527989208698274,"y":-0.6762571930885315,"z":0.21722723543643952,"w":-0.6701921820640564},"size":3.6948280334472658,"orthographic":false}