{"cameraMode":{"drawMode":0,"name":"Shaded","section":"Shading Mode"},"sceneLighting":false,"audioPlay":false,"sceneViewState":{"m_AlwaysRefresh":false,"showFog":true,"showSkybox":false,"showFlares":true,"showImageEffects":true,"showParticleSystems":true,"showVisualEffectGraphs":true,"m_FxEnabled":true},"in2DMode":false,"pivot":{"x":0.06353110820055008,"y":0.3524284064769745,"z":0.1585227996110916},"rotation":{"x":-0.14198093116283418,"y":0.25092393159866335,"z":-0.037229832261800769,"w":-0.9568341970443726},"size":0.3000172972679138,"orthographic":false}