{"cameraMode":{"drawMode":0,"name":"Shaded","section":"Shading Mode"},"sceneLighting":false,"audioPlay":false,"sceneViewState":{"m_AlwaysRefresh":false,"showFog":true,"showSkybox":false,"showFlares":true,"showImageEffects":true,"showParticleSystems":true,"showVisualEffectGraphs":true,"m_FxEnabled":true},"in2DMode":false,"pivot":{"x":0.0033109188079833986,"y":0.06943204998970032,"z":0.06708091497421265},"rotation":{"x":0.1516285240650177,"y":0.5437167286872864,"z":-0.1006278246641159,"w":0.8193076252937317},"size":2.5100743770599367,"orthographic":false}