{"cameraMode":{"drawMode":0,"name":"Shaded","section":"Shading Mode"},"sceneLighting":false,"audioPlay":false,"sceneViewState":{"m_AlwaysRefresh":false,"showFog":true,"showSkybox":false,"showFlares":true,"showImageEffects":true,"showParticleSystems":true,"showVisualEffectGraphs":true,"m_FxEnabled":true},"in2DMode":false,"pivot":{"x":0.004153244197368622,"y":-0.19141781330108643,"z":1.5851423740386963},"rotation":{"x":-0.18507562577724458,"y":0.2716309726238251,"z":-0.05332619696855545,"w":-0.9429657459259033},"size":1.8898578882217408,"orthographic":false}