{"cameraMode":{"drawMode":0,"name":"Shaded","section":"Shading Mode"},"sceneLighting":false,"audioPlay":false,"sceneViewState":{"m_AlwaysRefresh":false,"showFog":true,"showSkybox":false,"showFlares":true,"showImageEffects":true,"showParticleSystems":true,"showVisualEffectGraphs":true,"m_FxEnabled":true},"in2DMode":false,"pivot":{"x":-1.8648982048034669,"y":-0.6408077478408814,"z":1.4491078853607178},"rotation":{"x":-0.11881417781114578,"y":0.4316406548023224,"z":-0.05737873539328575,"w":-0.8924868702888489},"size":1.8505079746246338,"orthographic":false}